service_date,unique_patients,non_hospital_ammount,unique_service_codes,total_racords,EMA_7,total_amount_net
2022-01-01,33,159311.2,57,80,159311.2,159311.2
2022-01-02,84,486975.29,158,347,361936.39428571425,513905.29
2022-01-03,163,882060.12,217,607,592401.6681081081,894887.34
2022-01-04,150,871642.62,219,558,705066.8336,900470.48
2022-01-05,176,1118811.58,267,798,860066.9852496799,1177938.39
2022-01-06,172,966660.06,217,559,902696.34999703,1000236.0
2022-01-07,133,684323.87,195,462,850793.2384334718,722796.82
2022-01-08,195,1239116.97,268,816,966532.1040447647,1267400.88
2022-01-09,191,1179325.4,242,661,1028239.9389590903,1194830.19
2022-01-10,295,1449152.33,328,994,1204469.097532902,1693460.24
2022-01-11,347,1888620.58,351,1171,1429106.0269201824,2065066.53
2022-01-12,344,2018028.28,338,1267,1612727.919395513,2140327.71
2022-01-13,332,2000301.63,346,1192,1737532.476869194,2100086.09
2022-01-14,381,2275610.82,377,1518,1892848.6404807903,2347727.47
2022-01-15,292,1709101.45,278,930,1858393.4903046142,1756869.8
2022-01-16,243,1412408.87,280,903,1760553.7571338569,1470956.99
2022-01-17,365,2333356.68,353,1283,1935820.5313713355,2456350.97
2022-01-18,391,2396744.89,377,1385,2085301.9237863235,2530375.17
2022-01-19,360,2193010.01,332,1300,2134246.2909550886,2280251.59
2022-01-20,346,1951571.46,352,1159,2128124.2489235355,2109835.78
2022-01-21,403,2273257.56,348,1370,2194674.051839808,2393690.33
2022-01-22,279,1599692.89,284,1159,2066155.358872254,1681516.29
2022-01-23,282,1490742.03,280,933,1930290.531710857,1523423.12
2022-01-24,395,2258079.57,382,1398,2058497.0225577843,2442601.93
2022-01-25,383,2253952.82,377,1386,2155433.193099339,2445949.91
2022-01-26,342,1960933.13,404,1256,2157074.9189270283,2161996.39
2022-01-27,336,1981009.65,372,1235,2156031.3074285807,2152902.24
2022-01-28,355,2079636.18,383,1324,2181583.940502767,2258209.39
2022-01-29,307,1807959.48,325,1078,2107841.254046299,1886683.43
2022-01-30,262,1427501.32,272,853,1957261.2271387812,1505628.71
2022-01-31,362,2026291.33,383,1400,2032668.8076865978,2258851.15
2022-02-01,391,2335978.54,350,1353,2158216.029787951,2534807.25
2022-02-02,368,2288334.77,402,1427,2254615.437506721,2543784.61
2022-02-03,398,2532618.08,395,1567,2355963.727263412,2659985.69
2022-02-04,376,2131416.98,383,1402,2357370.462562704,2361590.43
2022-02-05,341,2065293.41,336,1229,2300424.7619726746,2129594.9
2022-02-06,285,1621858.73,282,1020,2144250.3061191435,1675741.83
2022-02-07,387,2348217.96,415,1539,2239783.982576119,2526378.18
2022-02-08,375,2288488.84,396,1525,2289427.790094993,2438356.55
2022-02-09,396,2455983.15,441,1512,2369001.520311239,2607719.51
2022-02-10,382,2300325.15,401,1455,2385551.91506377,2435202.6
2022-02-11,389,2196006.73,344,1416,2379470.674397288,2361227.09
2022-02-12,361,2191263.42,360,1408,2349085.1143835243,2257928.95
2022-02-13,271,1616863.83,340,1085,2185063.7088770424,1693001.58
2022-02-14,428,2350213.4,412,1599,2264229.113084024,2501724.57
2022-02-15,403,2394868.86,410,1433,2334760.0985533325,2546352.55
2022-02-16,433,2539751.75,423,1679,2430684.722683455,2718458.08
2022-02-17,420,2389880.64,428,1539,2450536.039498779,2510089.91
2022-02-18,389,2074975.4,382,1365,2396223.263612749,2233285.1
2022-02-19,345,1949502.91,303,1187,2299470.9579166356,2009214.26
2022-02-20,274,1566508.45,294,978,2125452.374524608,1603396.92
2022-02-21,377,1985757.72,389,1319,2129244.259601383,2140619.91
2022-02-22,390,2055680.65,387,1406,2153139.675410057,2224825.9
2022-02-23,283,1532904.71,295,1082,2021512.0479714891,1626629.26
2022-02-24,368,1952114.96,332,1140,2030215.1321482311,2056324.38
2022-02-25,352,1961573.7,379,1195,2041079.5727062337,2073672.89
2022-02-26,336,1968567.66,330,1363,2033200.9489340922,2009565.08
2022-02-27,298,1770992.44,335,1156,1973991.0708435993,1796361.45
2022-02-28,376,2090842.94,351,1285,2023021.2477175647,2170111.77
2022-03-01,349,2038142.3,376,1263,2066846.4346858272,2198321.99
2022-03-02,397,2310399.24,370,1415,2157277.913177371,2428572.34
2022-03-03,380,2237168.57,441,1603,2265554.0018253936,2590382.26
2022-03-04,409,2314260.51,378,1485,2341068.462385036,2567611.84
2022-03-05,326,1948328.39,393,1268,2300208.8538764752,2177630.03
2022-03-06,269,1581177.63,271,966,2135631.871661835,1641900.93
2022-03-07,282,1662168.07,284,1145,2030065.52064718,1713366.47
2022-03-08,216,1184754.0,251,845,1847873.0372097897,1301295.59
2022-03-09,398,2318552.32,417,1467,2018137.5634509556,2528931.14
2022-03-10,406,2313853.45,399,1467,2134407.280366632,2483216.43
2022-03-11,399,2318017.55,415,1587,2227143.4579415214,2505351.99
2022-03-12,383,2197133.36,355,1382,2239185.1209723605,2275310.11
2022-03-13,295,1726807.59,302,1059,2145866.9156349995,1865912.3
2022-03-14,416,2395084.09,415,1538,2266027.8093172903,2626510.49
2022-03-15,415,2325292.96,401,1631,2342708.824531541,2572751.87
2022-03-16,420,2670588.94,396,1619,2467195.95095171,2840657.33
2022-03-17,418,2426908.64,386,1519,2499679.043224165,2597128.32
2022-03-18,435,2517405.37,425,1600,2543023.879928515,2673058.39
2022-03-19,402,2359705.3,356,1439,2509895.2324404297,2410509.29
2022-03-20,285,1827136.0,329,1178,2351783.9068090017,1877449.93
2022-03-21,428,2503582.52,369,1472,2431615.1601148252,2671108.92
2022-03-22,433,2724843.12,429,1802,2556727.125095609,2932063.02
2022-03-23,464,2844927.52,422,1815,2685018.3013290055,3069891.83
2022-03-24,489,2794275.75,430,1783,2777522.5410007006,3055035.26
2022-03-25,469,2805886.81,453,1715,2854478.203252988,3085345.19
2022-03-26,410,2371738.74,334,1498,2760823.3324374934,2479858.72
2022-03-27,277,1553492.92,296,931,2476525.2118230024,1623630.85
2022-03-28,501,3049336.91,452,1918,2683649.178870048,3305021.08
2022-03-29,465,2763325.02,411,1806,2773004.1916534407,3041069.23
2022-03-30,480,2998816.9,457,1737,2889168.616240963,3237661.89
2022-03-31,516,2919065.7,435,1842,2942080.567181024,3100816.42
2022-04-01,454,2538099.6,444,1643,2901775.0178855956,2780858.37
2022-04-02,382,2378360.77,372,1460,2793702.0909138503,2469483.31
2022-04-03,302,1641403.96,299,1161,2523795.245684739,1714074.71
2022-04-04,491,2971837.46,434,1928,2682578.451763841,3158928.07
2022-04-05,459,2649045.46,421,1726,2719457.84132293,2830096.01
2022-04-06,472,2600979.54,447,1697,2753494.263492232,2855603.53
2022-04-07,476,2747497.34,416,1696,2807585.5851192153,2969859.55
2022-04-08,508,2841963.66,456,1848,2885635.3438394563,3119784.62
2022-04-09,412,2390845.75,361,1463,2793030.5728795524,2515216.26
2022-04-10,331,1893122.99,314,1221,2588453.9096595985,1974723.92
2022-04-11,454,2413030.39,383,1555,2599641.744744702,2633205.25
2022-04-12,487,2841267.92,427,1848,2713341.2860585465,3054439.91
2022-04-13,462,2556031.12,410,1624,2719486.1845439104,2737920.88
2022-04-14,454,2602169.24,417,1690,2748458.933407936,2835377.18
2022-04-15,463,2543052.72,412,1658,2729998.5375559507,2674617.35
2022-04-16,407,2324538.58,363,1497,2659424.060666959,2447700.63
2022-04-17,305,1655328.16,295,960,2419746.945500209,1700715.6
2022-04-18,523,2754876.36,416,1720,2572251.6616251618,3029765.81
2022-04-19,473,2651639.53,397,1574,2629928.756218873,2802960.04
2022-04-20,520,2837168.05,372,1636,2696033.1271641557,2894346.24
2022-04-21,482,2661292.71,406,1653,2726356.445373117,2817326.4
2022-04-22,478,2609117.56,412,1610,2737892.571529838,2772500.95
2022-04-23,407,2293397.13,318,1397,2635266.196147377,2327387.07
2022-04-24,272,1444169.09,259,968,2343907.572110531,1469831.7
2022-04-25,469,2635364.67,400,1707,2471306.8840828985,2853504.82
2022-04-26,496,2826056.7,381,1639,2595434.8280621744,2967818.66
2022-04-27,497,2675510.3,459,1687,2651775.776046631,2820798.62
2022-04-28,485,2671369.97,436,1825,2733878.3395349733,2980186.03
2022-04-29,461,2330104.53,403,1546,2699284.19215123,2595501.75
2022-04-30,340,1930098.44,310,1257,2523228.106613422,1995059.85
2022-05-01,164,880244.28,201,538,2126499.127460066,936312.19
2022-05-02,255,1644474.05,278,981,2025799.5780950496,1723700.93
2022-05-03,281,1785942.02,298,1091,1978941.1860712871,1838366.01
2022-05-04,383,2451458.03,403,1490,2141921.9645534656,2630864.3
2022-05-05,448,2480333.85,442,1733,2287385.198415099,2723774.9
2022-05-06,377,2167240.58,380,1344,2303127.8638113244,2350355.86
2022-05-07,270,1470846.52,267,933,2110152.207858493,1531225.24
2022-05-08,242,1468507.49,262,838,1958429.9758938698,1503263.28
2022-05-09,181,984572.54,212,645,1718630.2169204024,999230.94
2022-05-10,282,1660497.08,314,1177,1714201.887690302,1700916.9
2022-05-11,446,2431902.83,399,1510,1924354.3907677266,2554811.9
2022-05-12,481,2616279.54,412,1676,2130436.985575795,2748684.77
2022-05-13,424,2680270.17,412,1837,2316706.189181846,2875513.8
2022-05-14,388,2090600.39,351,1286,2284405.0393863847,2187501.59
2022-05-15,328,1819602.06,311,1104,2184830.819539788,1886108.16
2022-05-16,462,2802194.18,467,1703,2368736.962154841,2920455.39
2022-05-17,436,2520293.02,412,1721,2460994.239116131,2737766.07
2022-05-18,455,2520018.17,472,1742,2529866.271837098,2736482.37
2022-05-19,522,2827563.33,470,1802,2684376.9813778233,3147909.11
2022-05-20,464,2465971.12,429,1673,2699470.3235333674,2744750.35
2022-05-21,405,2217506.21,426,1519,2639177.1076500253,2458297.46
2022-05-22,319,1783484.83,367,1165,2457015.838237519,1910532.03
2022-05-23,472,2514453.76,429,1590,2525438.8986781393,2730708.08
2022-05-24,468,2663317.25,453,1782,2625557.364008604,2925912.76
2022-05-25,469,2570537.13,431,1690,2656351.5630064528,2748734.16
2022-05-26,491,2920824.11,488,1990,2798446.244754839,3224730.29
2022-05-27,453,2736877.24,457,1829,2850110.5485661295,3005103.46
2022-05-28,410,2355508.86,417,1523,2758262.488924597,2482718.31
2022-05-29,304,1564651.87,318,1093,2482023.741693448,1653307.5
2022-05-30,477,2467090.28,423,1521,2504170.301270086,2570609.98
2022-05-31,431,2283358.27,401,1527,2488107.7884525643,2439920.25
2022-06-01,473,2525229.31,477,1640,2561839.356339423,2783034.06
2022-06-02,417,2413617.41,425,1517,2580771.772254567,2637569.02
2022-06-03,456,2491711.59,399,1616,2592655.776690925,2628307.79
2022-06-04,343,2085909.75,350,1503,2491100.2700181934,2186433.75
2022-06-05,304,1725009.27,317,1065,2317689.595013645,1797457.57
2022-06-06,437,2555543.2,385,1506,2409137.9212602335,2683482.9
2022-06-07,455,2501113.69,409,1597,2472961.208445175,2664431.07
2022-06-08,456,2447723.06,473,1654,2512899.3288338813,2632713.69
2022-06-09,446,2419974.29,437,1591,2574508.159125411,2759334.65
2022-06-10,408,2322276.7,431,1736,2582556.5018440583,2606701.53
2022-06-11,288,1616192.32,298,1073,2349774.441383044,1651428.26
2022-06-12,221,1297495.98,264,730,2093767.5160372828,1325746.74
2022-06-13,269,1641661.71,319,1063,2000346.7295279622,1720084.37
2022-06-14,449,2294629.94,399,1546,2127855.4096459714,2510381.45
2022-06-15,455,2457274.34,459,1628,2252856.4497344783,2627859.57
2022-06-16,480,2750034.72,443,1751,2443499.8748008586,3015430.15
2022-06-17,422,2304516.88,440,1498,2473364.9111006437,2562960.02
2022-06-18,319,1874212.05,332,1221,2345850.585825483,1963307.61
2022-06-19,297,1729498.95,333,1170,2214625.999369112,1820952.24
2022-06-20,453,2516497.54,441,1541,2343641.814526834,2730689.26
2022-06-21,471,2648544.52,431,1681,2456883.403395125,2796608.17
2022-06-22,470,2515523.09,442,1738,2511646.897546344,2675937.38
2022-06-23,442,2310477.46,431,1741,2528475.2106597577,2578960.15
2022-06-24,432,2496536.47,425,1698,2581871.3729948183,2742059.86
2022-06-25,302,1654560.45,336,1160,2375918.8697461137,1758061.36
2022-06-26,272,1380461.03,262,829,2147113.369809585,1460696.87
2022-06-27,455,2441593.65,444,1707,2309825.9173571886,2797963.56
2022-06-28,484,2855075.23,411,1824,2506199.8130178913,3095321.5
2022-06-29,467,2517246.36,450,1680,2571680.077263418,2768120.87
2022-06-30,507,2511839.54,421,1640,2652211.8104475634,2893807.01
2022-07-01,376,2004670.68,367,1306,2551103.615335672,2247779.03
2022-07-02,278,1511025.92,314,1031,2314715.599001754,1605551.55
2022-07-03,229,1284902.6,278,923,2074745.4117513155,1354834.85
2022-07-04,410,2142778.5,385,1436,2126220.221313487,2280644.65
2022-07-05,424,2498590.4,384,1551,2252014.175985115,2629396.04
2022-07-06,377,2201214.0,402,1434,2287412.189488836,2393606.23
2022-07-07,388,2173476.42,399,1361,2285887.177116627,2281312.14
2022-07-08,391,1983076.8,339,1285,2238017.9403374703,2094410.23
2022-07-09,284,1613573.6,280,920,2091322.8177531026,1651237.45
2022-07-10,240,1310438.1,291,897,1912740.068314827,1376991.82
2022-07-11,436,2492721.64,402,1618,2094938.5912361203,2641534.16
2022-07-12,412,2510545.5,408,1649,2225215.6434270903,2616046.8
2022-07-13,400,2078167.98,369,1337,2216540.2600703174,2190514.11
2022-07-14,384,2127164.82,374,1314,2266146.592552738,2414965.59
2022-07-15,358,2023450.2,386,1385,2264759.639414553,2260598.78
2022-07-16,268,1664431.2,301,978,2138067.9745609146,1757992.98
2022-07-17,236,1373340.0,291,911,1969637.300920686,1464345.28
2022-07-18,422,2236101.9,406,1455,2094824.9756905145,2470388.0
2022-07-19,435,2462304.06,416,1750,2243531.1742678857,2689649.77
2022-07-20,409,2343044.58,434,1574,2344656.3682009145,2648031.95
2022-07-21,441,2508287.1,426,1539,2424395.4311506855,2663612.62
2022-07-22,392,2260789.52,397,1525,2433023.828363014,2458909.02
2022-07-23,321,1752529.2,342,1115,2293227.3737722603,1873838.01
2022-07-24,231,1346697.8,298,894,2074008.030329195,1416350.0
2022-07-25,426,2227888.1,385,1428,2160879.4327468965,2421493.64
2022-07-26,462,2595069.8,435,1640,2302232.2120601726,2726290.55
2022-07-27,429,2407459.1,417,1519,2372202.571545129,2582113.65
2022-07-28,380,2152322.72,423,1370,2372632.588658847,2373922.64
2022-07-29,386,2080332.4,417,1348,2357223.1789941355,2310994.95
2022-07-30,304,1765946.3,365,1113,2257687.8892456014,1959082.02
2022-07-31,257,1523741.1,301,1106,2106515.591934201,1652998.7
2022-08-01,371,2227423.12,384,1358,2181623.9089506506,2406948.86
2022-08-02,396,2317797.42,401,1484,2262083.5642129877,2503462.53
2022-08-03,424,2259029.23,420,1609,2306994.965659741,2441729.17
2022-08-04,419,2266900.92,397,1425,2346184.3842448057,2463752.64
2022-08-05,404,2160752.93,416,1546,2371412.803183604,2447098.06
2022-08-06,268,1370176.67,344,988,2167779.512387703,1556879.64
2022-08-07,254,1337576.89,293,870,1984251.3492907775,1433666.86
2022-08-08,401,2108320.6,363,1293,2063531.9869680833,2301373.9
2022-08-09,397,2220973.55,359,1360,2155160.9377260623,2430047.79
2022-08-10,377,2079509.45,386,1436,2198954.305794547,2330334.41
2022-08-11,419,2341528.75,425,1470,2298121.23684591,2595622.03
2022-08-12,390,2069146.87,372,1266,2287840.3101344323,2256997.53
2022-08-13,261,1615410.78,320,1102,2137277.875100824,1685590.57
2022-08-14,249,1384454.78,330,985,1975998.958825618,1492162.21
2022-08-15,380,2166068.37,402,1491,2076665.7966192137,2378666.31
2022-08-16,430,2136946.78,417,1485,2144193.1474644104,2346775.2
2022-08-17,412,2543955.68,455,1665,2314454.7705983077,2825239.64
2022-08-18,403,2544092.9,432,1788,2470844.0529487305,2940011.9
2022-08-19,363,2080997.42,364,1273,2414001.834711548,2243475.18
2022-08-20,305,1703559.43,319,1094,2258297.438533661,1791184.25
2022-08-21,232,1427902.3,286,908,2069619.2464002457,1503584.67
2022-08-22,341,2002736.46,352,1274,2095556.9398001842,2173370.02
2022-08-23,388,2269701.99,425,1447,2197589.9498501383,2503688.98
2022-08-24,432,2218591.07,449,1545,2263399.1698876037,2460826.83
2022-08-25,405,2131570.25,404,1553,2311296.4474157025,2454988.28
2022-08-26,412,2433926.14,437,1675,2402667.3705617767,2676780.14
2022-08-27,294,1704658.15,349,1147,2248591.2954213326,1786363.07
2022-08-28,206,1222512.84,299,844,2009499.9740659993,1292226.01
2022-08-29,386,2019380.85,390,1358,2068164.5655494994,2244158.34
2022-08-30,435,2437571.75,419,1552,2206973.6791621246,2623401.02
2022-08-31,407,2476372.98,417,1544,2302798.0543715935,2590271.18
2022-09-01,356,2056997.94,405,1436,2286851.518278695,2239011.91
2022-09-02,426,2426570.2,389,1453,2363395.1287090215,2593025.96
2022-09-03,308,1918111.76,348,1222,2264853.936531766,1969230.36
2022-09-04,257,1481596.2,302,931,2084886.8573988243,1544985.62
2022-09-05,407,2381288.25,396,1479,2199276.328049118,2542444.74
2022-09-06,427,2455462.0,438,1768,2338785.8710368383,2757314.5
2022-09-07,429,2385833.69,441,1548,2426561.7932776287,2689889.56
2022-09-08,411,2258652.92,431,1535,2463961.9849582217,2576162.56
2022-09-09,418,2295036.47,386,1541,2461408.158718666,2453746.68
2022-09-10,325,1882295.69,368,1302,2335919.6615389995,1959454.17
2022-09-11,254,1397456.95,284,933,2116967.71865425,1460111.89
2022-09-12,421,2605058.75,414,1734,2283036.0589906876,2781241.08
2022-09-13,431,2466146.41,373,1599,2374436.4042430157,2648637.44
2022-09-14,416,2399767.3,413,1598,2449171.9181822618,2673378.46
2022-09-15,458,2791464.3,464,1851,2582680.433636696,2983205.98
2022-09-16,480,2695973.7,440,1842,2654219.162727522,2868835.35
2022-09-17,371,2160213.6,377,1461,2548562.0820456413,2231590.84
2022-09-18,268,1538895.03,316,1090,2327768.771534231,1665388.84
2022-09-19,436,2421588.29,411,1471,2383318.028650673,2549965.8
2022-09-20,444,2764266.01,436,1815,2527402.058988005,2959654.15
2022-09-21,444,2632587.86,434,1867,2628007.594241004,2929824.2
2022-09-22,454,2564110.59,462,1677,2674349.230680753,2813374.14
2022-09-23,469,2653106.37,467,1846,2746373.5005105645,2962446.31
2022-09-24,358,2023947.28,332,1218,2593751.8728829236,2135886.99
2022-09-25,282,1639653.37,310,1104,2363540.5246621924,1672906.48
2022-09-26,439,2393196.42,399,1467,2412205.7359966445,2558201.37
2022-09-27,467,2623457.57,399,1596,2522355.3594974834,2852804.23
2022-09-28,418,2293170.25,391,1591,2513826.7521231123,2488240.93
2022-09-29,469,2535672.87,435,1649,2584677.099092334,2797228.14
2022-09-30,474,2605297.24,427,1669,2635426.5543192504,2787674.92
2022-10-01,319,1953716.63,332,1226,2476822.5807394376,2001010.66
2022-10-02,257,1526133.79,332,1077,2254203.870554578,1586347.74
2022-10-03,412,2608706.99,401,1547,2369178.2954159332,2714101.57
2022-10-04,423,2644520.32,428,1732,2493326.36406195,2865770.57
2022-10-05,487,2645881.91,381,1791,2566900.8930464624,2787624.48
2022-10-06,439,2530260.44,406,1661,2593891.719784847,2674864.2
2022-10-07,436,2532778.58,382,1656,2609587.249838635,2656673.84
2022-10-08,345,2119557.54,354,1538,2509920.984878976,2210922.19
2022-10-09,269,1426576.36,286,971,2258253.141159232,1503249.61
2022-10-10,448,2638890.16,408,1790,2398109.380869424,2817678.1
2022-10-11,468,2655356.96,433,1701,2515687.143152068,2868420.43
2022-10-12,459,2676447.68,449,1747,2614556.377364051,2911164.08
2022-10-13,476,2549240.76,383,1583,2647880.835523038,2747854.21
2022-10-14,459,2514460.15,421,1697,2677901.6291422783,2767964.01
2022-10-15,373,2165046.3,374,1343,2581175.714356709,2290997.97
2022-10-16,300,1700841.83,314,1079,2370585.9357675314,1738816.6
2022-10-17,470,2709791.14,352,1633,2468082.9818256483,2760574.12
2022-10-18,479,2845986.3,414,1658,2592589.071369236,2966107.34
2022-10-19,483,2734439.18,396,1688,2670182.2435269267,2902961.76
2022-10-20,518,2778336.81,476,2087,2791208.610145195,3154287.71
2022-10-21,477,2608936.77,442,1799,2794833.912608896,2805709.82
2022-10-22,363,2159907.98,357,1443,2649732.626956672,2214428.77
2022-10-23,311,1619274.13,352,1178,2405950.832717504,1674605.45
2022-10-24,466,2419827.62,392,1690,2475738.2595381276,2685100.54
2022-10-25,494,2698271.43,492,1819,2628184.9746535956,3085525.12
2022-10-26,476,2468375.35,463,1744,2689238.3934901967,2872398.65
2022-10-27,506,2484995.79,462,1875,2735775.137617647,2875385.37
2022-10-28,447,2387164.29,477,1757,2742013.1407132354,2760727.15
2022-10-29,346,1930343.61,370,1330,2599721.350534926,2172845.98
2022-10-30,308,1624327.23,339,1081,2389656.1504011946,1759460.55
2022-10-31,446,2538997.53,456,1708,2476820.962800896,2738315.4
2022-11-01,410,2396036.88,462,1559,2555088.599600672,2789891.51
2022-11-02,451,2535923.69,439,1690,2615038.472200504,2794888.09
2022-11-03,437,2529424.78,454,1631,2662869.9166503777,2806364.25
2022-11-04,320,1862475.83,347,1169,2479759.0874877833,1930426.6
2022-11-05,299,1736361.97,342,1167,2317843.2181158373,1832095.61
2022-11-06,257,1394343.47,287,852,2103428.591086878,1460184.71
2022-11-07,438,2324926.7,372,1408,2182951.773315158,2421521.32
2022-11-08,445,2385367.92,404,1657,2276958.1174863684,2558977.15
2022-11-09,479,2737011.61,453,1888,2472873.943114776,3060621.42
2022-11-10,491,2714052.47,454,1796,2608263.594836082,3014432.55
2022-11-11,443,2665628.43,413,1683,2671927.9036270613,2862920.83
2022-11-12,376,2219606.68,354,1346,2584111.297720296,2320661.48
2022-11-13,288,1511891.21,299,1056,2329328.053290222,1564978.32
2022-11-14,462,2598165.47,449,2008,2480926.5874676662,2935722.19
2022-11-15,486,2714936.28,468,1894,2630345.7981007495,3078603.43
2022-11-16,476,2733367.97,517,2015,2797970.166075562,3300843.27
2022-11-17,521,2915779.76,512,1969,2921721.8870566715,3292977.05
2022-11-18,449,2580208.44,435,1623,2896131.170292503,2819359.02
2022-11-19,403,2098197.67,429,1548,2741318.390219377,2276880.05
2022-11-20,320,1809917.56,356,1281,2545644.6276645325,1958623.34
2022-11-21,496,3064617.69,454,1827,2731126.3307483993,3287571.44
2022-11-22,471,3042093.44,481,2028,2873674.2005612995,3301317.81
2022-11-23,465,2577711.04,470,1765,2895681.4554209746,2961703.22
2022-11-24,485,2920255.53,421,1815,2967230.5790657313,3181877.95
2022-11-25,518,2945205.47,412,1742,3011828.2392992983,3145621.22
2022-11-26,433,2522565.25,386,1706,2919126.6294744737,2641021.8
2022-11-27,368,2062158.92,362,1336,2736045.077105855,2186800.42
2022-11-28,472,2580751.57,426,1685,2770992.565329391,2875835.03
2022-11-29,560,3071595.07,477,1936,2925426.681497043,3388729.03
2022-11-30,507,2823406.98,484,1965,2982952.283622782,3155529.09
2022-12-01,467,2655459.74,461,1722,2975805.8027170864,2954366.36
2022-12-02,455,2604002.48,420,1718,2937092.8520378144,2820954.0
2022-12-03,423,2219689.14,340,1390,2771408.6715283603,2274356.13
2022-12-04,307,1598251.89,294,966,2496470.29364627,1671655.16
2022-12-05,527,3056301.85,448,1935,2692391.3277347023,3280154.43
2022-12-06,505,2981901.18,480,2017,2853296.4758010264,3336011.92
2022-12-07,498,2954228.57,462,1903,2949097.14935077,3236499.17
2022-12-08,476,2645031.53,455,1752,2947120.4970130776,2941190.54
2022-12-09,464,2649536.98,434,1700,2927754.720259808,2869657.39
2022-12-10,418,2235066.9,372,1503,2787014.917694856,2364795.51
2022-12-11,339,1809957.98,352,1210,2574916.485771142,1938621.19
2022-12-12,497,2689516.39,451,1698,2673845.3168283566,2970631.81
2022-12-13,472,2696244.78,480,1942,2760829.640121267,3021782.61
2022-12-14,450,2511990.27,449,1561,2786950.46009095,2865312.92
2022-12-15,470,2662322.61,428,1656,2811831.885068212,2886476.16
2022-12-16,426,2515599.43,424,1553,2801225.368801159,2769405.82
2022-12-17,392,2220933.82,401,1508,2697198.1166008688,2385116.36
2022-12-18,291,1577791.5,325,1024,2456892.0399506516,1735973.81
2022-12-19,440,2663707.99,426,1768,2540672.829962989,2792015.2
2022-12-20,467,2732402.12,455,1850,2638756.8999722414,2933009.11
2022-12-21,451,2354573.02,426,1658,2645774.5249791807,2666827.4
2022-12-22,431,2314357.62,398,1465,2644829.128734385,2641992.94
2022-12-23,391,1932567.69,374,1315,2524422.9965507886,2163204.6
2022-12-24,378,1957252.81,336,1156,2407431.1224130914,2056455.5
2022-12-25,294,1646044.87,323,1009,2231810.3818098186,1704948.16
2022-12-26,413,2312124.71,408,1310,2282491.606357364,2434535.28
2022-12-27,459,2683969.54,437,1656,2431649.107268023,2879121.61
2022-12-28,381,2141886.38,428,1370,2422531.337951017,2395178.03
2022-12-29,354,1914082.02,385,1155,2342134.115963263,2100942.45
2022-12-30,301,1468441.15,296,874,2139453.144472447,1531410.23
2022-12-31,141,609354.95,150,368,1757736.8558543355,612587.99
2023-01-01,37,179060.4,66,97,1363067.7418907515,179060.4
2023-01-02,152,948534.28,210,552,1264438.9639180636,968552.63
2023-01-03,158,1124178.11,271,684,1241136.3479385476,1171228.5
2023-01-04,187,1195299.96,254,681,1237879.4509539106,1228108.76
2023-01-05,216,1364029.06,304,858,1308161.508215433,1519007.68
2023-01-06,207,1260942.44,256,661,1313369.2961615748,1328992.66
2023-01-07,141,724362.27,225,485,1187700.984621181,810696.05
2023-01-08,207,1285142.25,259,803,1218576.9384658856,1311204.8
2023-01-09,302,1952601.72,327,1122,1418661.9213494142,2018916.87
2023-01-10,358,2021073.1,363,1257,1616355.1560120606,2209434.86
2023-01-11,348,2087712.21,357,1362,1768550.0895090457,2225134.89
2023-01-12,401,2505841.32,433,1547,1998314.6621317843,2687608.38
2023-01-13,392,2350149.67,373,1408,2120291.801598838,2486223.22
2023-01-14,342,2145177.19,331,1272,2133336.4911991283,2172470.56
2023-01-15,302,1841102.01,317,1300,2075092.8708993462,1900362.01
2023-01-16,435,2868105.79,405,1647,2296986.60317451,2962667.8
2023-01-17,429,2818695.35,417,1694,2455782.9348808825,2932171.93
2023-01-18,430,2807078.13,392,1625,2578397.3961606617,2946240.78
2023-01-19,455,3002305.32,441,1779,2733666.6621204964,3199474.46
2023-01-20,418,2622821.65,385,1503,2730914.7340903725,2722658.95
2023-01-21,389,2484567.04,336,1467,2688450.2105677794,2561056.64
2023-01-22,327,1887439.59,347,1144,2508611.4554258343,1969095.19
2023-01-23,458,2656962.37,417,1664,2585428.0765693756,2815877.94
2023-01-24,485,2937181.72,454,1795,2738826.664927032,3199022.43
2023-01-25,466,2813450.89,423,1686,2813530.1361952736,3037640.55
2023-01-26,470,3150008.98,455,1956,2960449.502146455,3401207.6
2023-01-27,480,2948455.74,413,1771,3004508.251609841,3136684.5
2023-01-28,429,2633729.26,385,1551,2936898.2412073803,2734068.21
2023-01-29,333,1879726.39,316,1148,2698129.973405535,1981825.17
2023-01-30,475,2871758.92,486,1850,2814200.892554151,3162413.65
2023-01-31,512,3195243.07,478,2004,2991721.729415613,3524284.24
2023-02-01,494,3030389.28,495,1982,3092284.1345617096,3393971.35
2023-02-02,474,2782832.37,409,1852,3078930.648421282,3038870.19
2023-02-03,499,2950676.61,475,1850,3136674.643815961,3309906.63
2023-02-04,425,2714186.2,417,1470,3061840.5428619706,2837338.24
2023-02-05,305,1703895.38,340,1212,2757917.4696464776,1846148.25
2023-02-06,452,2776133.63,393,1525,2797413.229734858,2915900.51
2023-02-07,503,2858490.81,449,1740,2869674.2548011434,3086457.33
2023-02-08,512,3223675.86,441,1988,2997706.3311008574,3381802.56
2023-02-09,516,3151126.27,434,1819,3060368.9008256425,3248356.61
2023-02-10,470,2815961.95,401,1674,3030915.4831192316,2942555.23
2023-02-11,427,2614987.6,363,1434,2945122.8673394234,2687745.02
2023-02-12,331,2109521.37,351,1308,2751708.8130045673,2171466.65
2023-02-13,484,2972951.07,440,1678,2841885.2347534252,3112414.5
2023-02-14,480,2797315.07,439,1793,2872069.208565069,2962621.13
2023-02-15,497,2886886.04,443,1788,2925112.5589238014,3084242.61
2023-02-16,498,3030799.24,432,1794,2994431.1191928512,3202386.8
2023-02-17,495,2846170.84,396,1612,2976768.804394638,2923781.86
2023-02-18,396,2401278.65,335,1349,2854444.4782959786,2487471.5
2023-02-19,320,1860580.45,308,1194,2630964.7637219834,1960525.62
2023-02-20,511,3044188.14,447,1842,2791941.8652914874,3274873.17
2023-02-21,511,2868388.06,388,1693,2855267.1064686156,3045242.83
2023-02-22,455,2614681.42,393,1445,2833761.3948514615,2769244.26
2023-02-23,275,1723683.27,326,1034,2576372.833638596,1804207.15
2023-02-24,287,1765516.13,333,1141,2400728.090228947,1873793.86
2023-02-25,298,1711830.24,286,1062,2250239.0976717104,1798772.12
2023-02-26,303,1885308.15,320,1187,2176334.850753783,1954622.11
2023-02-27,475,2739602.2,427,1736,2398860.320565337,3066436.73
2023-02-28,518,3092268.22,470,1952,2629586.7804240026,3321766.16
2023-03-01,476,2938962.1,413,1706,2739749.1478180015,3070236.25
2023-03-02,482,2905478.05,452,1774,2817808.943363501,3051988.33
2023-03-03,475,2773489.1,411,1561,2843874.7475226256,2922072.16
2023-03-04,424,2769637.75,421,1672,2852832.045641969,2879703.94
2023-03-05,338,2048005.85,377,1311,2678632.3792314767,2156033.38
2023-03-06,488,2893534.88,441,1761,2775192.9969236073,3064874.85
2023-03-07,519,3058684.94,458,1922,2908656.3326927056,3309046.34
2023-03-08,281,1615411.33,314,1056,2603509.3195195287,1688068.28
2023-03-09,496,3042814.76,435,1822,2764727.8171396465,3248383.31
2023-03-10,472,2780654.42,408,1592,2817231.6478547347,2974743.14
2023-03-11,430,2814181.04,449,1704,2845591.3358910508,2930670.4
2023-03-12,366,2108187.1,376,1473,2683494.851918288,2197205.4
2023-03-13,526,3091845.79,483,1904,2852447.121438716,3359303.93
2023-03-14,538,3033812.39,539,2065,3045190.566079037,3623420.9
2023-03-15,538,3192365.47,540,2089,3186975.622059278,3612330.79
2023-03-16,535,3326234.43,522,2227,3318398.9265444586,3712668.84
2023-03-17,533,3001167.1,499,1932,3324533.704908344,3342938.04
2023-03-18,467,2734255.7,410,1674,3207971.278681258,2858284.0
2023-03-19,360,2185695.8,376,1396,2991626.071510943,2342590.45
2023-03-20,551,3486369.87,470,2010,3168527.6311332076,3699232.31
2023-03-21,545,3190139.83,443,1931,3233089.183349906,3426773.84
2023-03-22,519,2837754.32,428,1766,3183378.5450124294,3034246.63
2023-03-23,518,2964497.3,382,1711,3156860.293759322,3077305.54
2023-03-24,532,3268333.77,442,1956,3219839.6178194913,3408777.59
2023-03-25,425,2614833.5,363,1417,3096017.0683646183,2724549.42
2023-03-26,324,1832124.5,316,1125,2792312.7437734636,1881199.77
2023-03-27,528,3230061.94,439,1836,2927909.3553300975,3334699.19
2023-03-28,534,3112284.41,424,1807,3015973.088997573,3280164.29
2023-03-29,531,3330294.81,431,1935,3131539.3967481796,3478238.32
2023-03-30,524,3079873.97,449,1777,3169331.330061135,3282707.13
2023-03-31,556,3229997.14,438,2017,3240621.360045851,3454491.45
2023-04-01,415,2416319.61,349,1497,3051714.897534388,2484995.51
2023-04-02,336,2146232.91,354,1425,2836590.568150791,2191217.58
2023-04-03,555,3257072.33,412,1883,2963275.4711130927,3343330.18
2023-04-04,551,3134664.71,468,1931,3086878.1633348195,3457686.24
2023-04-05,561,3240028.37,464,2074,3175069.4650011146,3439643.37
2023-04-06,549,3465977.86,484,2077,3321380.961250836,3760315.45
2023-04-07,544,3053258.62,419,1869,3297758.898438127,3226892.71
2023-04-08,454,2673957.06,386,1537,3164060.2788285953,2762964.42
2023-04-09,333,1960100.99,355,1200,2883815.789121446,2043082.32
2023-04-10,507,3011277.41,472,1881,2995111.9393410846,3329000.39
2023-04-11,495,2700341.64,435,1596,2980969.6245058132,2938542.68
2023-04-12,514,2834353.1,451,1844,3017930.69337936,3128813.9
2023-04-13,541,3133339.9,457,1919,3132132.3950345195,3474737.5
2023-04-14,501,3038742.76,486,2050,3189471.15127589,3361487.42
2023-04-15,405,2558417.6,397,1471,3065582.7509569167,2693917.55
2023-04-16,291,1577667.64,344,1081,2705434.6432176875,1624990.32
2023-04-17,524,3182077.65,455,1735,2874000.867413265,3379699.54
2023-04-18,517,2799493.24,471,1710,2930243.128059949,3098969.91
2023-04-19,519,2925689.38,480,1844,3000330.061044961,3210590.86
2023-04-20,486,2825738.09,452,1783,3038068.338283721,3151283.17
2023-04-21,481,2687241.77,460,1777,3021760.8512127907,2972838.39
2023-04-22,373,2168569.39,384,1387,2842418.9909095927,2304393.41
2023-04-23,346,1961365.72,388,1261,2647023.1056821942,2060835.45
2023-04-24,535,3018723.1,408,1761,2781885.7792616454,3186473.8
2023-04-25,530,2988570.52,483,1941,2894135.554446234,3230884.88
2023-04-26,502,2867368.14,461,1864,2948641.980834675,3112161.26
2023-04-27,479,2519930.89,431,1536,2894153.5156260063,2730688.12
2023-04-28,459,2401819.44,429,1506,2840345.2017195043,2678920.26
2023-04-29,265,1490447.88,280,969,2515842.716289628,1542335.26
2023-04-30,219,1170826.09,239,664,2189684.674717221,1211210.55
2023-05-01,237,1376524.54,263,793,1996875.2110379157,1418446.82
2023-05-02,400,2423327.04,442,1550,2148418.285778437,2603047.51
2023-05-03,426,2448779.64,464,1697,2281849.5343338274,2682143.28
2023-05-04,442,2530845.98,468,1707,2413063.5007503703,2806705.4
2023-05-05,386,2122388.04,380,1341,2392591.180562778,2331174.22
2023-05-06,250,1579882.48,299,1001,2202011.317922083,1630271.73
2023-05-07,193,1060889.13,248,642,1924571.4634415624,1092251.9
2023-05-08,243,1295215.41,306,781,1792964.9150811718,1398145.27
2023-05-09,204,1165766.63,276,823,1650823.686310879,1224400.0
2023-05-10,420,2307570.36,447,1416,1878812.7447331592,2562779.92
2023-05-11,434,2523793.51,470,1753,2139459.2460498693,2921398.75
2023-05-12,446,2533214.31,434,1709,2294933.5920374016,2761356.63
2023-05-13,336,2045372.39,315,1183,2246096.636528051,2099585.77
2023-05-14,262,1552324.28,289,970,2090829.8698960382,1625029.57
2023-05-15,428,2523708.77,441,1578,2246960.5274220286,2715352.5
2023-05-16,427,2551783.77,423,1517,2393151.5605665217,2831724.66
2023-05-17,457,2572937.42,444,1650,2530512.442924891,2942595.09
2023-05-18,462,2505431.73,442,1723,2615922.074693668,2872150.97
2023-05-19,438,2272448.71,442,1470,2612263.863520251,2601289.23
2023-05-20,342,2067154.9,411,1220,2518201.087640188,2236012.76
2023-05-21,267,1411869.07,308,968,2270379.6182301412,1526915.21
2023-05-22,449,2580703.49,402,1518,2398527.086172606,2782969.49
2023-05-23,502,2809540.66,431,1751,2549921.3821294545,3004104.27
2023-05-24,475,2781699.98,465,1673,2675014.1515970905,3050292.46
2023-05-25,472,2544749.62,416,1598,2710915.301197818,2818618.75
2023-05-26,452,2534391.45,424,1455,2724981.0758983633,2767178.4
2023-05-27,367,2211011.66,345,1235,2604803.6969237723,2244271.56
2023-05-28,259,1490682.26,269,921,2333086.740192829,1517935.87
2023-05-29,480,2903879.97,416,1578,2488029.267644622,2952856.85
2023-05-30,480,2608396.33,364,1465,2527513.743233466,2645967.17
2023-05-31,480,2927125.85,389,1608,2661740.6424250994,3064421.34
2023-06-01,458,2637319.57,430,1633,2716462.7618188243,2880629.12
2023-06-02,461,2701445.67,435,1674,2790894.858864118,3014191.15
2023-06-03,370,2385367.03,434,1432,2711121.304148088,2471800.64
2023-06-04,281,1424977.34,288,922,2403543.450611066,1480809.89
2023-06-05,450,2641319.44,400,1649,2517195.4179582996,2858151.32
2023-06-06,449,2711182.33,443,1886,2637937.108468725,3000162.18
2023-06-07,448,2646202.66,456,1586,2709389.5113515435,2923746.72
2023-06-08,443,2441266.35,446,1605,2712408.8560136575,2721466.89
2023-06-09,409,2329538.26,433,1538,2673412.9120102427,2556425.08
2023-06-10,315,2024655.98,389,1262,2545144.479007682,2160339.18
2023-06-11,252,1375637.83,284,889,2276364.2367557613,1470023.51
2023-06-12,281,1625381.36,308,978,2133722.187566821,1705796.04
2023-06-13,483,2806977.35,458,1667,2356717.353175116,3025702.85
2023-06-14,512,3057648.85,443,1791,2579882.419881337,3249377.62
2023-06-15,511,2891962.48,497,1836,2726283.292411003,3165485.91
2023-06-16,449,2549147.01,418,1646,2767757.176808252,2892178.83
2023-06-17,334,2088759.8,380,1232,2623247.402606189,2189718.08
2023-06-18,249,1340036.8,300,900,2324956.459454641,1430083.63
2023-06-19,450,2591921.04,432,1524,2439408.7545909807,2782765.64
2023-06-20,476,2851618.47,466,1777,2599400.6284432355,3079376.25
2023-06-21,458,2515602.05,414,1525,2631844.1163324267,2729174.58
2023-06-22,468,2918558.44,465,1866,2775874.7897493197,3207966.81
2023-06-23,429,2564377.61,410,1516,2767975.0973119894,2744276.02
2023-06-24,306,1952281.56,361,1217,2601547.547983992,2102264.9
2023-06-25,237,1391953.22,328,911,2341736.133487994,1562301.89
2023-06-26,463,2621716.02,386,1498,2450847.3551159953,2778181.02
2023-06-27,469,2858441.6,434,1656,2605222.2288369965,3068346.85
2023-06-28,489,2648721.75,418,1523,2681269.1466277475,2909409.9
2023-06-29,461,2633366.28,425,1641,2716580.59747081,2822514.95
2023-06-30,452,2498531.06,417,1583,2717405.0081031076,2719878.24
2023-07-01,297,2040238.43,333,1232,2573817.4260773305,2143054.68
2023-07-02,272,1731682.73,351,1159,2396101.622057998,1862954.21
2023-07-03,437,2419067.62,428,1550,2448347.4440434985,2605084.91
2023-07-04,458,2711094.58,472,1976,2607254.143032624,3083974.24
2023-07-05,436,2525205.58,424,1583,2656137.512274468,2802787.62
2023-07-06,440,2292795.02,411,1407,2630211.1617058506,2552432.11
2023-07-07,400,2399671.64,383,1412,2607103.318779388,2537779.79
2023-07-08,312,2018240.2,305,1063,2474134.011584541,2075226.09
2023-07-09,239,1571153.83,314,870,2261915.9086884055,1625261.6
2023-07-10,415,2427084.82,411,1574,2373380.4040163043,2707773.89
2023-07-11,451,2635120.14,447,1773,2493996.018012228,2855842.86
2023-07-12,436,2828511.01,469,1758,2638257.526009171,3071042.05
2023-07-13,440,2573885.08,454,1586,2693783.657006878,2860362.05
2023-07-14,419,2535983.32,430,1480,2709039.4877551585,2754806.98
2023-07-15,346,2233265.98,359,1302,2616363.403316369,2338335.15
2023-07-16,255,1540389.86,298,1029,2362973.1099872766,1602802.23
2023-07-17,429,2821348.94,392,1598,2510265.9349904577,2952144.41
2023-07-18,446,2992175.6,427,1868,2671846.811242843,3156589.44
2023-07-19,449,2502938.12,412,1447,2658908.228432132,2620092.48
2023-07-20,440,2716459.64,448,1808,2728649.546324099,2937873.5
2023-07-21,429,2610051.27,450,1587,2739321.417243074,2771337.03
2023-07-22,317,1795169.42,385,1209,2542908.5229323055,1953669.84
2023-07-23,254,1479860.48,330,980,2306528.597199229,1597388.82
2023-07-24,439,2473891.49,406,1487,2401408.7003994216,2686049.01
2023-07-25,494,2759540.17,409,1611,2533628.7352995663,2930288.84
2023-07-26,433,2478660.42,384,1358,2564722.3839746746,2658003.33
2023-07-27,440,2684281.62,409,1509,2621721.465481006,2792718.71
2023-07-28,392,2194176.62,413,1520,2589785.7191107543,2493978.48
2023-07-29,353,2195493.51,389,1291,2531912.0693330658,2358291.12
2023-07-30,252,1312083.33,335,1016,2265134.8944997992,1464803.37
2023-07-31,387,2028100.97,372,1313,2259247.9033748494,2241586.93
2023-08-01,429,2647674.71,431,1580,2422050.830031137,2910459.61
2023-08-02,487,2947573.76,462,1724,2620422.2175233527,3215536.38
2023-08-03,451,2668729.74,456,1627,2687535.8881425145,2888876.9
2023-08-04,364,2236025.97,360,1287,2599947.0836068857,2337180.67
2023-08-05,292,2035071.37,343,1121,2476159.8677051645,2104798.22
2023-08-06,264,1567857.29,305,870,2267689.2107788734,1642277.24
2023-08-07,421,2492175.66,412,1451,2369297.920584155,2674124.05
2023-08-08,465,2525300.36,448,1533,2464874.882938116,2751605.77
2023-08-09,457,2844768.73,477,1815,2631308.2447035867,3130608.33
2023-08-10,432,2482487.1,416,1610,2637985.05602769,2658015.49
2023-08-11,421,2396272.07,412,1388,2619448.139520767,2563837.39
2023-08-12,333,2221877.74,356,1253,2549956.4521405753,2341481.39
2023-08-13,260,1579945.25,292,913,2318089.5916054314,1622489.01
2023-08-14,430,2719395.57,397,1495,2447104.8862040737,2834150.77
2023-08-15,505,3087823.66,406,1719,2637624.722153055,3209184.23
2023-08-16,433,2523803.76,345,1324,2627907.591614791,2598756.2
2023-08-17,449,2539514.95,390,1594,2643832.1237110933,2691605.72
2023-08-18,464,3001209.4,458,1771,2795054.7477833196,3248722.62
2023-08-19,356,2162370.55,408,1468,2687438.7808374898,2364590.88
2023-08-20,263,1682830.75,328,1010,2462549.9431281174,1787883.43
2023-08-21,456,2745163.1,389,1591,2568586.282346088,2886695.3
2023-08-22,501,2942675.05,468,1818,2719919.731759566,3173920.08
2023-08-23,479,2853425.0,512,1821,2831181.0863196743,3164965.15
2023-08-24,451,2631269.01,461,1733,2847848.6872397554,2897851.49
2023-08-25,418,2295838.86,445,1439,2762809.597929816,2507692.33
2023-08-26,336,2299784.68,392,1358,2688304.933447362,2464790.94
2023-08-27,306,1878723.22,390,1141,2515729.772585521,1998004.29
2023-08-28,529,3014477.83,450,1723,2672027.599439141,3140921.08
2023-08-29,514,3103853.55,506,1888,2844788.5395793556,3363071.36
2023-08-30,481,2767851.33,460,1636,2857561.3446845165,2895879.76
2023-08-31,492,3015886.86,464,1712,2944351.266013387,3204721.03
2023-09-01,405,2182344.42,413,1415,2788375.3770100405,2320447.71
2023-09-02,327,1993151.33,337,1134,2602659.0002575302,2045509.87
2023-09-03,262,1590329.7,300,883,2360675.005193148,1634723.02
2023-09-04,470,2803613.63,413,1639,2528179.796394861,3030694.17
2023-09-05,479,2790850.98,450,1634,2646476.6872961456,3001367.36
2023-09-06,472,2770514.69,476,1833,2754743.562972109,3079544.19
2023-09-07,473,2851138.81,457,1651,2828912.3072290816,3051418.54
2023-09-08,447,2674201.03,473,1801,2861821.472921811,2960548.97
2023-09-09,399,2378747.3,441,1490,2784560.0146913584,2552775.64
2023-09-10,274,1537078.74,343,994,2495821.0085185184,1629603.99
2023-09-11,504,2667142.69,422,1561,2597193.4663888887,2901310.84
2023-09-12,525,3144563.84,476,1685,2781047.7047916665,3332610.42
2023-09-13,503,2892445.36,450,1817,2885569.4485937497,3199134.68
2023-09-14,490,2691292.18,478,1692,2887889.091445312,2894848.02
2023-09-15,476,2788999.84,415,1607,2897686.923583984,2927080.42
2023-09-16,355,2320096.03,377,1265,2771053.792687988,2391154.4
2023-09-17,294,1656343.72,326,1016,2512569.099515991,1737115.02
2023-09-18,506,3041335.71,482,1829,2690483.5246369927,3224226.8
2023-09-19,548,3322039.7,482,1949,2902430.1934777447,3538270.2
2023-09-20,506,2856086.96,497,1751,2926917.255108308,3000378.44
2023-09-21,499,2688865.75,500,1720,2953196.7038312308,3032035.05
2023-09-22,469,2787000.66,477,1664,2982331.6428734227,3069736.46
2023-09-23,324,1992721.4,338,1226,2750630.214655067,2055525.93
2023-09-24,305,1650371.89,301,981,2491441.2934912997,1713874.53
2023-09-25,488,2847633.92,464,1807,2662274.0501184748,3174772.32
2023-09-26,488,2892244.12,432,1629,2764787.532588856,3072327.98
2023-09-27,476,2664688.52,429,1609,2787002.3594416417,2853646.84
2023-09-28,504,3150033.27,495,1845,2933192.844581231,3371764.3
2023-09-29,480,2600208.19,419,1547,2899317.383435923,2797691.0
2023-09-30,398,2300604.45,352,1350,2772819.440076942,2393325.61
2023-10-01,297,1674770.77,358,1061,2520871.2625577063,1765026.73
2023-10-02,489,2860973.24,415,1523,2651693.88691828,3044161.76
2023-10-03,490,3221036.56,483,1882,2851224.6926887096,3449817.11
2023-10-04,555,3221333.66,474,1883,3006635.812016532,3472869.17
2023-10-05,482,2977534.92,431,1673,3037818.609012399,3131367.0
2023-10-06,486,2629098.29,396,1547,2974708.399259299,2785377.77
2023-10-07,355,2355482.17,402,1399,2846045.9119444746,2460058.45
2023-10-08,350,2127870.03,378,1308,2689825.1864583557,2221163.01
2023-10-09,468,2486765.21,402,1452,2685650.5398437665,2673126.6
2023-10-10,478,2782754.47,425,1640,2781038.7548828246,3067203.4
2023-10-11,511,3206780.28,480,1772,2924593.343662118,3355257.11
2023-10-12,462,2741675.76,442,1688,2933577.8277465883,2960531.28
2023-10-13,455,2678691.82,478,1612,2917002.188309941,2867275.27
2023-10-14,376,2448838.93,372,1366,2817297.8637324558,2518184.89
2023-10-15,322,1927567.69,334,1107,2604830.6127993413,1967428.86
2023-10-16,520,3124397.69,466,1822,2777358.894599506,3294943.74
2023-10-17,544,3378861.26,455,1891,2956641.0634496296,3494487.57
2023-10-18,495,3048341.08,475,1726,3031930.095087222,3257797.19
2023-10-19,499,3268790.7,417,1936,3113942.288815416,3359978.87
2023-10-20,524,3114968.04,388,1641,3133296.5166115616,3191359.2
2023-10-21,482,3078287.77,378,1563,3126638.2074586707,3106663.28
2023-10-22,331,1969992.21,341,1101,2843876.885594003,1995592.92
2023-10-23,541,3117292.73,531,2035,2988621.004195502,3422853.36
2023-10-24,498,2966556.61,387,1587,3003679.2731466265,3048854.08
2023-10-25,534,3086177.37,470,1907,3108493.94735997,3422937.97
2023-10-26,477,3027314.92,440,1656,3139134.218019977,3231055.03
2023-10-27,494,2734900.87,408,1638,3089145.133514983,2939177.88
2023-10-28,386,2533712.44,367,1415,2979662.4451362374,2651214.38
2023-10-29,318,1781724.41,340,1038,2696057.848852178,1845244.06
2023-10-30,485,2774318.56,393,1615,2741989.259139133,2879783.49
2023-10-31,508,2824402.64,410,1668,2807342.19185435,3003400.99
2023-11-01,476,2776231.72,469,1694,2843573.151390762,2952266.03
2023-11-02,471,2753535.57,370,1565,2870180.7960430714,2950003.73
2023-11-03,433,2523156.74,421,1549,2836217.5070323036,2734327.64
2023-11-04,338,2270977.25,359,1221,2722178.7327742274,2380062.41
2023-11-05,266,1590529.29,306,1028,2453396.3845806704,1647049.34
2023-11-06,386,2314749.16,395,1459,2435598.520935503,2382204.93
2023-11-07,505,3130737.45,466,1717,2648943.050701627,3288976.64
2023-11-08,519,3143897.82,457,1950,2815482.7355262204,3315101.79
2023-11-09,515,3158576.76,521,1919,2982796.329144665,3484737.11
2023-11-10,550,3202901.8,516,2102,3122909.3793584984,3543248.53
2023-11-11,435,2692262.76,420,1677,3081315.5145188738,2956533.92
2023-11-12,374,2145583.32,401,1441,2898646.0908891554,2350637.82
2023-11-13,522,3008263.85,462,1820,2986444.8706668667,3249841.21
2023-11-14,559,3256683.97,488,1896,3121363.0130001497,3526117.44
2023-11-15,507,3023565.21,441,1725,3133802.8747501117,3171122.46
2023-11-16,520,3235610.69,468,1944,3224099.841062584,3494990.74
2023-11-17,537,3275643.36,422,1847,3278941.423296938,3443466.17
2023-11-18,445,2829849.98,380,1543,3179123.039972704,2879667.89
2023-11-19,356,2134410.98,309,1136,2928199.8099795277,2175430.12
2023-11-20,537,3138035.29,445,1696,3022409.2199846455,3305037.45
2023-11-21,539,3425516.17,516,2054,3179835.417488484,3652114.01
2023-11-22,580,3354541.85,496,1873,3290532.6181163634,3622624.22
2023-11-23,549,3056187.91,434,1784,3271245.878587273,3213385.66
2023-11-24,491,2888628.13,381,1596,3206019.301440455,3010339.57
2023-11-25,422,2529052.71,357,1392,3066915.9985803408,2649606.09
2023-11-26,384,2157017.63,345,1253,2855485.9939352553,2221195.98
2023-11-27,545,3378217.55,391,1778,3029995.9804514414,3553525.94
2023-11-28,597,3879641.03,532,2276,3332283.2153385812,4239144.92
2023-11-29,562,3185262.43,500,2028,3397125.6790039362,3591653.07
2023-11-30,573,3463706.01,515,1948,3498080.6867529526,3800945.71
2023-12-01,538,3310792.44,485,1945,3532360.4725647145,3635199.83
2023-12-02,447,2818590.69,392,1668,3385064.591923536,2943176.95
2023-12-03,360,2201202.21,367,1331,3113774.5764426515,2299904.53
2023-12-04,548,3436188.25,496,2084,3250346.959831989,3660064.11
2023-12-05,574,3381491.69,474,2011,3337827.9573739916,3600270.95
2023-12-06,579,3534786.13,504,2116,3472034.7780304938,3874655.24
2023-12-07,540,3059109.27,441,1808,3431766.243522871,3310960.64
2023-12-08,521,3473134.53,431,1866,3497524.5951421536,3694799.65
2023-12-09,443,2731176.31,362,1460,3341889.8613566156,2874985.66
2023-12-10,400,2337283.63,365,1355,3116384.0560174617,2439866.64
2023-12-11,567,2991733.19,442,1878,3134344.239513096,3188224.79
2023-12-12,529,3006127.49,459,1881,3182672.732134822,3327658.21
2023-12-13,551,3191117.24,465,1909,3269758.7041011164,3531016.62
2023-12-14,548,3103575.22,484,1695,3306809.2830758374,3417961.02
2023-12-15,466,2843469.5,439,1547,3227169.842306878,2988251.52
2023-12-16,439,2729921.56,402,1445,3112446.016730158,2768274.54
2023-12-17,344,2139946.78,376,1270,2897409.2125476184,2252298.8
2023-12-18,475,2743948.13,447,1628,2898973.5194107136,2903666.44
2023-12-19,545,3372110.19,482,1891,3058112.227058035,3535528.35
2023-12-20,526,3128280.3,492,1832,3129263.890293526,3342718.88
2023-12-21,546,3193895.86,443,1800,3209812.447720145,3451458.12
2023-12-22,473,2598049.68,438,1505,3107143.3007901083,2799135.86
2023-12-23,394,2536920.32,438,1435,2993975.025592581,2654470.2
2023-12-24,353,1921708.06,331,1142,2743033.2441944354,1990207.9
2023-12-25,517,3010171.57,488,1826,2893697.1181458267,3345688.74
2023-12-26,505,2901707.92,407,1564,2938423.13110937,3072601.17
2023-12-27,523,2980890.94,457,1702,3000216.3083320274,3185595.84
2023-12-28,455,2747411.45,388,1458,2955799.7912490205,2822550.24
2023-12-29,414,2329382.95,368,1317,2811249.805936765,2377599.85
2023-12-30,296,1621318.09,311,981,2524245.429452574,1663232.3
2023-12-31,120,475869.66,150,279,2017626.6520894305,497770.32
